,date,reg,subject,period,macro_bhv,freq
0,2019-04-15,1,Hadia,pregame,Individual,5
1,2019-04-15,1,Hadia,pregame,Social,5
2,2019-04-15,1,Hadia,pregame,Social-Ludic,1
3,2019-04-15,1,Jawie,pregame,Individual,19
4,2019-04-15,1,Jawie,pregame,Ludic,3
5,2019-04-15,1,Jawie,pregame,Social,12
6,2019-04-15,1,Karl,pregame,Individual,19
7,2019-04-15,1,Locky,pregame,Individual,6
8,2019-04-15,1,Locky,pregame,Social,5
9,2019-04-15,1,Popo,pregame,Individual,1
10,2019-04-15,1,Popo,pregame,Social,2
11,2019-04-15,1,Popo,pregame,Social-Ludic,2
12,2019-04-15,1,Storma,pregame,Ludic,1
13,2019-04-15,1,Storma,pregame,Social,9
14,2019-04-15,2,Hadia,pregame,Individual,11
15,2019-04-15,2,Hadia,pregame,Ludic,5
16,2019-04-15,2,Hadia,pregame,Social,9
17,2019-04-15,2,Jawie,pregame,Individual,15
18,2019-04-15,2,Jawie,pregame,Social,12
19,2019-04-15,2,Karl,pregame,Individual,3
20,2019-04-15,2,Locky,pregame,Individual,18
21,2019-04-15,2,Locky,pregame,Public,2
22,2019-04-15,2,Locky,pregame,Social,7
23,2019-04-15,2,Popo,pregame,Individual,8
24,2019-04-15,2,Popo,pregame,Ludic,2
25,2019-04-15,2,Popo,pregame,Social,6
26,2019-04-15,2,Popo,pregame,Social-Ludic,1
27,2019-04-15,2,Storma,pregame,Individual,34
28,2019-04-15,2,Storma,pregame,Social,5
29,2019-04-15,2,Storma,pregame,Social-Ludic,3
30,2019-04-16,1,Hadia,pregame,Agonistic,2
31,2019-04-16,1,Hadia,pregame,Individual,8
32,2019-04-16,1,Hadia,pregame,Social,9
33,2019-04-16,1,Jawie,pregame,Agonistic,2
34,2019-04-16,1,Jawie,pregame,Individual,3
35,2019-04-16,1,Jawie,pregame,Social,10
36,2019-04-16,1,Karl,pregame,Individual,3
37,2019-04-16,1,Locky,pregame,Individual,10
38,2019-04-16,1,Locky,pregame,Public,1
39,2019-04-16,1,Popo,pregame,Individual,9
40,2019-04-16,1,Popo,pregame,Social,2
41,2019-04-16,1,Storma,pregame,Individual,11
42,2019-04-16,1,Storma,pregame,Social,4
43,2019-04-16,1,Storma,pregame,Social-Ludic,3
44,2019-04-16,2,Hadia,pregame,Individual,7
45,2019-04-16,2,Hadia,pregame,Social,3
46,2019-04-16,2,Jawie,pregame,Individual,1
47,2019-04-16,2,Jawie,pregame,Social,3
48,2019-04-16,2,Karl,pregame,Individual,20
49,2019-04-16,2,Locky,pregame,Social,1
50,2019-04-16,2,Popo,pregame,Individual,17
51,2019-04-16,2,Popo,pregame,Social,8
52,2019-04-16,2,Storma,pregame,Individual,1
53,2019-04-17,1,Hadia,pregame,Social,6
54,2019-04-17,1,Jawie,pregame,Individual,17
55,2019-04-17,1,Jawie,pregame,Social,7
56,2019-04-17,1,Karl,pregame,Individual,3
57,2019-04-17,1,Locky,pregame,Individual,6
58,2019-04-17,1,Locky,pregame,Public,2
59,2019-04-17,1,Locky,pregame,Social,5
60,2019-04-17,1,Popo,pregame,Individual,17
61,2019-04-17,1,Popo,pregame,Ludic,4
62,2019-04-17,1,Popo,pregame,Social,4
63,2019-04-17,1,Popo,pregame,Social-Ludic,1
64,2019-04-17,1,Storma,pregame,Individual,18
65,2019-04-17,1,Storma,pregame,Social-Ludic,6
66,2019-04-17,2,Hadia,pregame,Individual,29
67,2019-04-17,2,Hadia,pregame,Social,4
68,2019-04-17,2,Jawie,pregame,Individual,19
69,2019-04-17,2,Jawie,pregame,Social,5
70,2019-04-17,2,Karl,pregame,Individual,11
71,2019-04-17,2,Locky,pregame,Individual,3
72,2019-04-17,2,Locky,pregame,Social,2
73,2019-04-17,2,Popo,pregame,Individual,11
74,2019-04-17,2,Popo,pregame,Ludic,3
75,2019-04-17,2,Popo,pregame,Public,1
76,2019-04-17,2,Popo,pregame,Social,9
77,2019-04-17,2,Popo,pregame,Social-Ludic,10
78,2019-04-17,2,Storma,pregame,Individual,8
79,2019-04-17,2,Storma,pregame,Social,2
80,2019-04-18,1,Hadia,pregame,Individual,12
81,2019-04-18,1,Hadia,pregame,Ludic,6
82,2019-04-18,1,Hadia,pregame,Public,1
83,2019-04-18,1,Hadia,pregame,Social,4
84,2019-04-18,1,Hadia,pregame,Social-Ludic,1
85,2019-04-18,1,Jawie,pregame,Social,1
86,2019-04-18,1,Karl,pregame,Agonistic,1
87,2019-04-18,1,Karl,pregame,Individual,3
88,2019-04-18,1,Karl,pregame,Social,2
89,2019-04-18,1,Karl,pregame,Social-Ludic,1
90,2019-04-18,1,Locky,pregame,Individual,8
91,2019-04-18,1,Popo,pregame,Individual,4
92,2019-04-18,1,Popo,pregame,Ludic,1
93,2019-04-18,1,Popo,pregame,Social,4
94,2019-04-18,1,Storma,pregame,Individual,8
95,2019-04-18,1,Storma,pregame,Social,9
96,2019-04-18,2,Hadia,pregame,Social-Ludic,1
97,2019-04-18,2,Jawie,pregame,Individual,6
98,2019-04-18,2,Jawie,pregame,Public,4
99,2019-04-18,2,Jawie,pregame,Social,4
100,2019-04-18,2,Karl,pregame,Agonistic,1
101,2019-04-18,2,Karl,pregame,Individual,20
102,2019-04-18,2,Locky,pregame,Social,3
103,2019-04-18,2,Popo,pregame,Individual,24
104,2019-04-18,2,Popo,pregame,Ludic,4
105,2019-04-18,2,Popo,pregame,Social,4
106,2019-04-18,2,Popo,pregame,Social-Ludic,3
107,2019-04-18,2,Storma,pregame,Individual,6
108,2019-04-18,2,Storma,pregame,Social,14
109,2019-04-19,1,Hadia,pregame,Individual,1
110,2019-04-19,1,Hadia,pregame,Social,5
111,2019-04-19,1,Jawie,pregame,Individual,3
112,2019-04-19,1,Jawie,pregame,Social,4
113,2019-04-19,1,Karl,pregame,Individual,2
114,2019-04-19,1,Locky,pregame,Social,1
115,2019-04-19,1,Popo,pregame,Individual,10
116,2019-04-19,1,Popo,pregame,Ludic,4
117,2019-04-19,1,Popo,pregame,Social,7
118,2019-04-19,1,Storma,pregame,Individual,1
119,2019-04-19,2,Hadia,pregame,Individual,7
120,2019-04-19,2,Hadia,pregame,Ludic,8
121,2019-04-19,2,Hadia,pregame,Social,7
122,2019-04-19,2,Hadia,pregame,Social-Ludic,6
123,2019-04-19,2,Jawie,pregame,Individual,2
124,2019-04-19,2,Jawie,pregame,Social,2
125,2019-04-19,2,Karl,pregame,Agonistic,1
126,2019-04-19,2,Karl,pregame,Individual,21
127,2019-04-19,2,Locky,pregame,Individual,3
128,2019-04-19,2,Locky,pregame,Social,5
129,2019-04-19,2,Popo,pregame,Individual,14
130,2019-04-19,2,Popo,pregame,Ludic,4
131,2019-04-19,2,Popo,pregame,Social,2
132,2019-04-19,2,Popo,pregame,Social-Ludic,5
133,2019-04-19,2,Storma,pregame,Individual,8
134,2019-04-19,2,Storma,pregame,Ludic,1
135,2019-04-19,2,Storma,pregame,Social,8
136,2019-04-22,1,Hadia,pregame,Social,1
137,2019-04-22,1,Jawie,pregame,Individual,1
138,2019-04-22,1,Jawie,pregame,Social,1
139,2019-04-22,1,Karl,pregame,Agonistic,1
140,2019-04-22,1,Karl,pregame,Individual,4
141,2019-04-22,1,Locky,pregame,Social,1
142,2019-04-22,1,Popo,pregame,Individual,9
143,2019-04-22,1,Popo,pregame,Public,4
144,2019-04-22,1,Popo,pregame,Social,16
145,2019-04-22,1,Storma,pregame,Individual,12
146,2019-04-22,2,Hadia,pregame,Individual,3
147,2019-04-22,2,Hadia,pregame,Social,3
148,2019-04-22,2,Jawie,pregame,Individual,13
149,2019-04-22,2,Jawie,pregame,Social,2
150,2019-04-22,2,Karl,pregame,Agonistic,1
151,2019-04-22,2,Karl,pregame,Individual,29
152,2019-04-22,2,Karl,pregame,Social,3
153,2019-04-22,2,Locky,pregame,Individual,6
154,2019-04-22,2,Locky,pregame,Public,1
155,2019-04-22,2,Locky,pregame,Social,2
156,2019-04-22,2,Popo,pregame,Agonistic,3
157,2019-04-22,2,Popo,pregame,Individual,2
158,2019-04-22,2,Popo,pregame,Social,6
159,2019-04-22,2,Storma,pregame,Individual,24
160,2019-04-22,2,Storma,pregame,Ludic,1
161,2019-04-22,2,Storma,pregame,Social-Ludic,2
162,2019-04-23,1,Hadia,pregame,Social,1
163,2019-04-23,1,Hadia,pregame,Social-Ludic,1
164,2019-04-23,1,Jawie,pregame,Individual,2
165,2019-04-23,1,Jawie,pregame,Social,5
166,2019-04-23,1,Karl,pregame,Individual,3
167,2019-04-23,1,Locky,pregame,Individual,1
168,2019-04-23,1,Popo,pregame,Individual,6
169,2019-04-23,1,Popo,pregame,Social,3
170,2019-04-23,1,Popo,pregame,Social-Ludic,3
171,2019-04-23,1,Storma,pregame,Individual,20
172,2019-04-23,1,Storma,pregame,Ludic,2
173,2019-04-23,1,Storma,pregame,Social,2
174,2019-04-23,1,Storma,pregame,Social-Ludic,1
175,2019-04-23,2,Hadia,pregame,Individual,16
176,2019-04-23,2,Hadia,pregame,Ludic,2
177,2019-04-23,2,Hadia,pregame,Social,3
178,2019-04-23,2,Jawie,pregame,Individual,11
179,2019-04-23,2,Jawie,pregame,Social,6
180,2019-04-23,2,Karl,pregame,Individual,1
181,2019-04-23,2,Locky,pregame,Individual,3
182,2019-04-23,2,Locky,pregame,Public,1
183,2019-04-23,2,Locky,pregame,Social,4
184,2019-04-23,2,Popo,pregame,Individual,5
185,2019-04-23,2,Popo,pregame,Social,1
186,2019-04-23,2,Storma,pregame,Individual,10
187,2019-04-23,2,Storma,pregame,Social,4
188,2019-04-24,1,Hadia,pregame,Individual,25
189,2019-04-24,1,Hadia,pregame,Ludic,4
190,2019-04-24,1,Hadia,pregame,Social,3
191,2019-04-24,1,Jawie,pregame,Individual,11
192,2019-04-24,1,Jawie,pregame,Social,6
193,2019-04-24,1,Karl,pregame,Individual,17
194,2019-04-24,1,Locky,pregame,Agonistic,2
195,2019-04-24,1,Locky,pregame,Individual,9
196,2019-04-24,1,Locky,pregame,Ludic,1
197,2019-04-24,1,Locky,pregame,Social,4
198,2019-04-24,1,Popo,pregame,Individual,18
199,2019-04-24,1,Popo,pregame,Ludic,13
200,2019-04-24,1,Storma,pregame,Agonistic,3
201,2019-04-24,1,Storma,pregame,Individual,12
202,2019-04-24,1,Storma,pregame,Ludic,4
203,2019-04-24,1,Storma,pregame,Social,8
204,2019-04-24,2,Locky,pregame,Individual,8
205,2019-04-24,2,Locky,pregame,Social,6
206,2019-04-25,1,Hadia,pregame,Individual,1
207,2019-04-25,1,Hadia,pregame,Ludic,1
208,2019-04-25,1,Hadia,pregame,Social-Ludic,3
209,2019-04-25,1,Jawie,pregame,Individual,8
210,2019-04-25,1,Jawie,pregame,Social,6
211,2019-04-25,1,Locky,pregame,Individual,8
212,2019-04-25,1,Locky,pregame,Social,8
213,2019-04-25,1,Popo,pregame,Individual,1
214,2019-04-25,1,Popo,pregame,Ludic,6
215,2019-04-25,1,Popo,pregame,Social,3
216,2019-04-25,1,Popo,pregame,Social-Ludic,3
217,2019-04-25,1,Storma,pregame,Individual,17
218,2019-04-25,1,Storma,pregame,Ludic,4
219,2019-04-25,1,Storma,pregame,Social,7
220,2019-04-25,1,Storma,pregame,Social-Ludic,1
221,2019-04-25,2,Hadia,pregame,Individual,12
222,2019-04-25,2,Hadia,pregame,Ludic,4
223,2019-04-25,2,Hadia,pregame,Social,3
224,2019-04-25,2,Jawie,pregame,Individual,7
225,2019-04-25,2,Jawie,pregame,Social,2
226,2019-04-25,2,Karl,pregame,Individual,3
227,2019-04-25,2,Locky,pregame,Individual,6
228,2019-04-25,2,Locky,pregame,Social,2
229,2019-04-25,2,Popo,pregame,Individual,11
230,2019-04-25,2,Popo,pregame,Ludic,2
231,2019-04-25,2,Popo,pregame,Social,2
232,2019-04-25,2,Popo,pregame,Social-Ludic,5
233,2019-04-25,2,Storma,pregame,Individual,38
234,2019-04-25,2,Storma,pregame,Social,4
235,2019-04-26,1,Hadia,pregame,Agonistic,1
236,2019-04-26,1,Hadia,pregame,Individual,5
237,2019-04-26,1,Hadia,pregame,Ludic,5
238,2019-04-26,1,Hadia,pregame,Social,11
239,2019-04-26,1,Jawie,pregame,Social,1
240,2019-04-26,1,Karl,pregame,Individual,7
241,2019-04-26,1,Locky,pregame,Individual,2
242,2019-04-26,1,Locky,pregame,Social,3
243,2019-04-26,1,Popo,pregame,Individual,8
244,2019-04-26,1,Popo,pregame,Social,10
245,2019-04-26,1,Storma,pregame,Individual,8
246,2019-04-26,1,Storma,pregame,Ludic,5
247,2019-04-26,1,Storma,pregame,Social,3
248,2019-04-26,1,Storma,pregame,Social-Ludic,7
249,2019-04-26,2,Hadia,pregame,Social,1
250,2019-04-26,2,Hadia,pregame,Social-Ludic,2
251,2019-04-26,2,Jawie,pregame,Individual,10
252,2019-04-26,2,Jawie,pregame,Social,6
253,2019-04-26,2,Karl,pregame,Individual,9
254,2019-04-26,2,Locky,pregame,Individual,8
255,2019-04-26,2,Locky,pregame,Social,11
256,2019-04-26,2,Popo,pregame,Individual,3
257,2019-04-26,2,Popo,pregame,Ludic,1
258,2019-04-26,2,Popo,pregame,Social,7
259,2019-04-26,2,Popo,pregame,Social-Ludic,3
260,2019-04-26,2,Storma,pregame,Individual,7
261,2019-04-26,2,Storma,pregame,Social,6
262,2019-04-29,1,Hadia,pregame,Individual,7
263,2019-04-29,1,Hadia,pregame,Social,9
264,2019-04-29,1,Jawie,pregame,Social,1
265,2019-04-29,1,Karl,pregame,Agonistic,1
266,2019-04-29,1,Karl,pregame,Individual,11
267,2019-04-29,1,Locky,pregame,Social,1
268,2019-04-29,1,Popo,pregame,Individual,3
269,2019-04-29,1,Popo,pregame,Social,4
270,2019-04-29,1,Storma,pregame,Individual,1
271,2019-04-29,2,Hadia,pregame,Individual,6
272,2019-04-29,2,Hadia,pregame,Social,8
273,2019-04-29,2,Jawie,pregame,Social,1
274,2019-04-29,2,Karl,pregame,Agonistic,1
275,2019-04-29,2,Karl,pregame,Individual,7
276,2019-04-29,2,Locky,pregame,Social,1
277,2019-04-29,2,Popo,pregame,Individual,15
278,2019-04-29,2,Popo,pregame,Ludic,6
279,2019-04-29,2,Popo,pregame,Social,5
280,2019-04-29,2,Storma,pregame,Social,1
281,2019-04-30,1,Hadia,pregame,Individual,8
282,2019-04-30,1,Hadia,pregame,Ludic,2
283,2019-04-30,1,Hadia,pregame,Social,9
284,2019-04-30,1,Hadia,pregame,Social-Ludic,1
285,2019-04-30,1,Jawie,pregame,Individual,11
286,2019-04-30,1,Jawie,pregame,Social,9
287,2019-04-30,1,Karl,pregame,Individual,6
288,2019-04-30,1,Locky,pregame,Individual,11
289,2019-04-30,1,Locky,pregame,Social,6
290,2019-04-30,1,Popo,pregame,Individual,11
291,2019-04-30,1,Popo,pregame,Ludic,3
292,2019-04-30,1,Popo,pregame,Social,4
293,2019-04-30,1,Popo,pregame,Social-Ludic,2
294,2019-04-30,1,Storma,pregame,Individual,25
295,2019-04-30,1,Storma,pregame,Ludic,2
296,2019-04-30,1,Storma,pregame,Social,16
297,2019-04-30,2,Hadia,pregame,Individual,8
298,2019-04-30,2,Hadia,pregame,Ludic,5
299,2019-04-30,2,Hadia,pregame,Social,14
300,2019-04-30,2,Hadia,pregame,Social-Ludic,1
301,2019-04-30,2,Jawie,pregame,Individual,3
302,2019-04-30,2,Jawie,pregame,Social,10
303,2019-04-30,2,Karl,pregame,Individual,12
304,2019-04-30,2,Locky,pregame,Individual,14
305,2019-04-30,2,Locky,pregame,Public,1
306,2019-04-30,2,Locky,pregame,Social,5
307,2019-04-30,2,Popo,pregame,Individual,4
308,2019-04-30,2,Popo,pregame,Social-Ludic,2
309,2019-04-30,2,Storma,pregame,Individual,31
310,2019-04-30,2,Storma,pregame,Social,11
311,2019-05-01,1,Hadia,pregame,Individual,23
312,2019-05-01,1,Hadia,pregame,Ludic,5
313,2019-05-01,1,Hadia,pregame,Social,3
314,2019-05-01,1,Hadia,pregame,Social-Ludic,2
315,2019-05-01,1,Jawie,pregame,Agonistic,1
316,2019-05-01,1,Jawie,pregame,Individual,2
317,2019-05-01,1,Jawie,pregame,Social,10
318,2019-05-01,1,Karl,pregame,Individual,11
319,2019-05-01,1,Locky,pregame,Agonistic,1
320,2019-05-01,1,Locky,pregame,Individual,9
321,2019-05-01,1,Locky,pregame,Social,8
322,2019-05-01,1,Popo,pregame,Individual,20
323,2019-05-01,1,Popo,pregame,Ludic,2
324,2019-05-01,1,Popo,pregame,Social,3
325,2019-05-01,1,Popo,pregame,Social-Ludic,1
326,2019-05-01,1,Storma,pregame,Individual,21
327,2019-05-01,1,Storma,pregame,Ludic,1
328,2019-05-01,1,Storma,pregame,Social,3
329,2019-05-01,1,Storma,pregame,Social-Ludic,5
330,2019-05-01,2,Hadia,pregame,Individual,18
331,2019-05-01,2,Hadia,pregame,Social,1
332,2019-05-01,2,Jawie,pregame,Individual,7
333,2019-05-01,2,Jawie,pregame,Social,12
334,2019-05-01,2,Karl,pregame,Individual,5
335,2019-05-01,2,Locky,pregame,Individual,5
336,2019-05-01,2,Locky,pregame,Social,7
337,2019-05-01,2,Popo,pregame,Individual,15
338,2019-05-01,2,Popo,pregame,Ludic,3
339,2019-05-01,2,Popo,pregame,Social,5
340,2019-05-01,2,Popo,pregame,Social-Ludic,1
341,2019-05-01,2,Storma,pregame,Individual,12
342,2019-05-01,2,Storma,pregame,Social,5
343,2019-05-03,1,Hadia,pregame,Social,1
344,2019-05-03,1,Jawie,pregame,Social,1
345,2019-05-03,1,Karl,pregame,Individual,2
346,2019-05-03,1,Karl,pregame,Public,1
347,2019-05-03,1,Locky,pregame,Social,10
348,2019-05-03,1,Popo,pregame,Individual,1
349,2019-05-03,1,Popo,pregame,Social,3
350,2019-05-03,1,Storma,pregame,Individual,1
351,2019-05-03,2,Hadia,pregame,Individual,6
352,2019-05-03,2,Hadia,pregame,Ludic,4
353,2019-05-03,2,Hadia,pregame,Social,5
354,2019-05-03,2,Jawie,pregame,Agonistic,1
355,2019-05-03,2,Jawie,pregame,Individual,3
356,2019-05-03,2,Jawie,pregame,Social,1
357,2019-05-03,2,Karl,pregame,Individual,2
358,2019-05-03,2,Locky,pregame,Agonistic,2
359,2019-05-03,2,Locky,pregame,Individual,12
360,2019-05-03,2,Locky,pregame,Public,2
361,2019-05-03,2,Locky,pregame,Social,6
362,2019-05-03,2,Popo,pregame,Individual,10
363,2019-05-03,2,Popo,pregame,Ludic,8
364,2019-05-03,2,Popo,pregame,Social,13
365,2019-05-03,2,Storma,pregame,Individual,7
366,2019-05-03,2,Storma,pregame,Ludic,2
367,2019-05-03,2,Storma,pregame,Social,8
368,2019-05-06,1,Hadia,pregame,Social,1
369,2019-05-06,1,Jawie,pregame,Individual,3
370,2019-05-06,1,Karl,pregame,Individual,12
371,2019-05-06,1,Locky,pregame,Individual,14
372,2019-05-06,1,Locky,pregame,Public,4
373,2019-05-06,1,Popo,pregame,Individual,1
374,2019-05-06,1,Popo,pregame,Sexual,6
375,2019-05-06,1,Popo,pregame,Social,8
376,2019-05-06,1,Storma,pregame,Individual,29
377,2019-05-06,1,Storma,pregame,Social,12
378,2019-05-06,1,Storma,pregame,Social-Ludic,2
379,2019-05-06,2,Hadia,pregame,Individual,4
380,2019-05-06,2,Hadia,pregame,Ludic,3
381,2019-05-06,2,Hadia,pregame,Social,5
382,2019-05-06,2,Hadia,pregame,Social-Ludic,1
383,2019-05-06,2,Jawie,pregame,Individual,9
384,2019-05-06,2,Jawie,pregame,Social,12
385,2019-05-06,2,Karl,pregame,Agonistic,2
386,2019-05-06,2,Karl,pregame,Individual,15
387,2019-05-06,2,Locky,pregame,Individual,15
388,2019-05-06,2,Locky,pregame,Social,10
389,2019-05-06,2,Popo,pregame,Individual,6
390,2019-05-06,2,Popo,pregame,Ludic,3
391,2019-05-06,2,Popo,pregame,Social,3
392,2019-05-06,2,Popo,pregame,Social-Ludic,1
393,2019-05-06,2,Storma,pregame,Individual,14
394,2019-05-06,2,Storma,pregame,Social,3
395,2019-05-07,1,Karl,pregame,Individual,1
396,2019-05-07,2,Hadia,pregame,Individual,18
397,2019-05-07,2,Hadia,pregame,Ludic,8
398,2019-05-07,2,Jawie,pregame,Individual,10
399,2019-05-07,2,Jawie,pregame,Social,3
400,2019-05-07,2,Karl,pregame,Agonistic,1
401,2019-05-07,2,Karl,pregame,Individual,6
402,2019-05-07,2,Popo,pregame,Individual,6
403,2019-05-07,2,Popo,pregame,Ludic,7
404,2019-05-07,2,Popo,pregame,Social,3
405,2019-05-07,2,Storma,pregame,Agonistic,1
406,2019-05-07,2,Storma,pregame,Individual,28
407,2019-05-07,2,Storma,pregame,Social,4
408,2019-05-20,1,Hadia,game,Individual,10
409,2019-05-20,1,Hadia,game,Ludic,2
410,2019-05-20,1,Hadia,game,Social,7
411,2019-05-20,1,Jawie,game,Social,3
412,2019-05-20,1,Karl,game,Individual,15
413,2019-05-20,1,Locky,game,Individual,8
414,2019-05-20,1,Locky,game,Public,1
415,2019-05-20,1,Popo,game,Individual,12
416,2019-05-20,1,Popo,game,Ludic,14
417,2019-05-20,1,Popo,game,Social,2
418,2019-05-20,1,Storma,game,Individual,13
419,2019-05-20,2,Hadia,game,Individual,9
420,2019-05-20,2,Hadia,game,Public,2
421,2019-05-20,2,Hadia,game,Social,6
422,2019-05-20,2,Hadia,game,Social-Ludic,1
423,2019-05-20,2,Jawie,game,Individual,15
424,2019-05-20,2,Jawie,game,Social,5
425,2019-05-20,2,Karl,game,Individual,9
426,2019-05-20,2,Locky,game,Individual,12
427,2019-05-20,2,Locky,game,Public,1
428,2019-05-20,2,Locky,game,Social,1
429,2019-05-20,2,Popo,game,Individual,16
430,2019-05-20,2,Popo,game,Ludic,5
431,2019-05-20,2,Popo,game,Social,1
432,2019-05-20,2,Storma,game,Individual,6
433,2019-05-20,2,Storma,game,Ludic,2
434,2019-05-20,2,Storma,game,Social,20
435,2019-05-20,2,Storma,game,Social-Ludic,1
436,2019-05-22,1,Hadia,game,Individual,1
437,2019-05-22,1,Hadia,game,Social,9
438,2019-05-22,1,Jawie,game,Agonistic,1
439,2019-05-22,1,Jawie,game,Individual,11
440,2019-05-22,1,Jawie,game,Ludic,2
441,2019-05-22,1,Jawie,game,Social,1
442,2019-05-22,1,Karl,game,Individual,5
443,2019-05-22,1,Locky,game,Individual,1
444,2019-05-22,1,Locky,game,Ludic,4
445,2019-05-22,1,Locky,game,Public,2
446,2019-05-22,1,Locky,game,Social,6
447,2019-05-22,1,Popo,game,Individual,10
448,2019-05-22,1,Popo,game,Ludic,8
449,2019-05-22,1,Popo,game,Social,8
450,2019-05-22,1,Popo,game,Social-Ludic,2
451,2019-05-22,1,Storma,game,Individual,16
452,2019-05-22,1,Storma,game,Social,4
453,2019-05-22,2,Hadia,game,Individual,1
454,2019-05-22,2,Hadia,game,Ludic,4
455,2019-05-22,2,Hadia,game,Social-Ludic,4
456,2019-05-22,2,Jawie,game,Individual,6
457,2019-05-22,2,Karl,game,Individual,2
458,2019-05-22,2,Locky,game,Agonistic,1
459,2019-05-22,2,Locky,game,Individual,18
460,2019-05-22,2,Locky,game,Public,4
461,2019-05-22,2,Locky,game,Social,2
462,2019-05-22,2,Popo,game,Individual,7
463,2019-05-22,2,Popo,game,Ludic,3
464,2019-05-22,2,Popo,game,Social,4
465,2019-05-22,2,Popo,game,Social-Ludic,6
466,2019-05-22,2,Storma,game,Individual,19
467,2019-05-22,2,Storma,game,Ludic,2
468,2019-05-22,2,Storma,game,Social-Ludic,1
469,2019-05-23,1,Hadia,game,Individual,12
470,2019-05-23,1,Hadia,game,Ludic,2
471,2019-05-23,1,Hadia,game,Social,6
472,2019-05-23,1,Hadia,game,Social-Ludic,1
473,2019-05-23,1,Jawie,game,Individual,4
474,2019-05-23,1,Jawie,game,Social,5
475,2019-05-23,1,Karl,game,Individual,8
476,2019-05-23,1,Locky,game,Individual,16
477,2019-05-23,1,Locky,game,Social,4
478,2019-05-23,1,Popo,game,Individual,9
479,2019-05-23,1,Popo,game,Ludic,5
480,2019-05-23,1,Popo,game,Social,5
481,2019-05-23,1,Popo,game,Social-Ludic,1
482,2019-05-23,1,Storma,game,Individual,16
483,2019-05-23,1,Storma,game,Ludic,1
484,2019-05-23,1,Storma,game,Social,17
485,2019-05-23,1,Storma,game,Social-Ludic,1
486,2019-05-23,2,Hadia,game,Agonistic,5
487,2019-05-23,2,Hadia,game,Individual,8
488,2019-05-23,2,Hadia,game,Ludic,8
489,2019-05-23,2,Hadia,game,Social,5
490,2019-05-23,2,Hadia,game,Social-Ludic,1
491,2019-05-23,2,Jawie,game,Individual,13
492,2019-05-23,2,Jawie,game,Social,5
493,2019-05-23,2,Karl,game,Individual,5
494,2019-05-23,2,Locky,game,Individual,11
495,2019-05-23,2,Locky,game,Social,5
496,2019-05-23,2,Popo,game,Individual,15
497,2019-05-23,2,Popo,game,Ludic,10
498,2019-05-23,2,Popo,game,Social,3
499,2019-05-23,2,Popo,game,Social-Ludic,4
500,2019-05-23,2,Storma,game,Individual,16
501,2019-05-23,2,Storma,game,Social,9
502,2019-05-23,2,Storma,game,Social-Ludic,1
503,2019-05-24,2,Hadia,game,Individual,6
504,2019-05-24,2,Hadia,game,Ludic,4
505,2019-05-24,2,Hadia,game,Social,6
506,2019-05-24,2,Jawie,game,Agonistic,2
507,2019-05-24,2,Jawie,game,Individual,14
508,2019-05-24,2,Jawie,game,Social,6
509,2019-05-24,2,Karl,game,Individual,4
510,2019-05-24,2,Karl,game,Public,1
511,2019-05-24,2,Locky,game,Individual,2
512,2019-05-24,2,Locky,game,Social,2
513,2019-05-24,2,Popo,game,Social,1
514,2019-05-24,2,Storma,game,Individual,1
515,2019-05-27,1,Hadia,game,Individual,9
516,2019-05-27,1,Jawie,game,Individual,21
517,2019-05-27,1,Jawie,game,Social,4
518,2019-05-27,1,Karl,game,Individual,1
519,2019-05-27,1,Locky,game,Individual,12
520,2019-05-27,1,Locky,game,Social,5
521,2019-05-27,1,Popo,game,Individual,5
522,2019-05-27,1,Popo,game,Social,4
523,2019-05-27,1,Storma,game,Individual,9
524,2019-05-27,1,Storma,game,Ludic,1
525,2019-05-27,1,Storma,game,Social,16
526,2019-05-27,2,Hadia,game,Agonistic,8
527,2019-05-27,2,Hadia,game,Individual,6
528,2019-05-27,2,Hadia,game,Ludic,5
529,2019-05-27,2,Hadia,game,Social,11
530,2019-05-27,2,Hadia,game,Social-Ludic,1
531,2019-05-27,2,Jawie,game,Individual,5
532,2019-05-27,2,Karl,game,Individual,1
533,2019-05-27,2,Locky,game,Agonistic,2
534,2019-05-27,2,Locky,game,Individual,7
535,2019-05-27,2,Locky,game,Ludic,4
536,2019-05-27,2,Locky,game,Social,2
537,2019-05-27,2,Popo,game,Individual,19
538,2019-05-27,2,Popo,game,Ludic,7
539,2019-05-27,2,Popo,game,Social,3
540,2019-05-27,2,Popo,game,Social-Ludic,2
541,2019-05-27,2,Storma,game,Individual,29
542,2019-05-27,2,Storma,game,Ludic,1
543,2019-05-27,2,Storma,game,Public,2
544,2019-05-27,2,Storma,game,Social,3
545,2019-05-28,1,Hadia,game,Individual,4
546,2019-05-28,1,Hadia,game,Social,12
547,2019-05-28,1,Jawie,game,Individual,9
548,2019-05-28,1,Jawie,game,Ludic,1
549,2019-05-28,1,Karl,game,Individual,5
550,2019-05-28,1,Locky,game,Individual,20
551,2019-05-28,1,Popo,game,Individual,13
552,2019-05-28,1,Popo,game,Ludic,6
553,2019-05-28,1,Popo,game,Social,3
554,2019-05-28,1,Popo,game,Social-Ludic,2
555,2019-05-28,1,Storma,game,Individual,18
556,2019-05-28,1,Storma,game,Ludic,1
557,2019-05-28,1,Storma,game,Social,9
558,2019-05-28,1,Storma,game,Social-Ludic,1
559,2019-05-28,2,Hadia,game,Individual,10
560,2019-05-28,2,Hadia,game,Ludic,10
561,2019-05-28,2,Hadia,game,Social,6
562,2019-05-28,2,Hadia,game,Social-Ludic,2
563,2019-05-28,2,Jawie,game,Individual,7
564,2019-05-28,2,Jawie,game,Social,3
565,2019-05-28,2,Karl,game,Individual,1
566,2019-05-28,2,Locky,game,Individual,9
567,2019-05-28,2,Locky,game,Public,1
568,2019-05-28,2,Locky,game,Social,2
569,2019-05-28,2,Popo,game,Agonistic,2
570,2019-05-28,2,Popo,game,Individual,14
571,2019-05-28,2,Popo,game,Ludic,8
572,2019-05-28,2,Popo,game,Social,3
573,2019-05-28,2,Popo,game,Social-Ludic,1
574,2019-05-28,2,Storma,game,Individual,8
575,2019-05-28,2,Storma,game,Social,3
576,2019-05-29,1,Hadia,game,Individual,6
577,2019-05-29,1,Hadia,game,Ludic,1
578,2019-05-29,1,Jawie,game,Individual,8
579,2019-05-29,1,Jawie,game,Social,7
580,2019-05-29,1,Karl,game,Individual,4
581,2019-05-29,1,Locky,game,Individual,10
582,2019-05-29,1,Locky,game,Ludic,2
583,2019-05-29,1,Locky,game,Social,5
584,2019-05-29,1,Popo,game,Individual,9
585,2019-05-29,1,Popo,game,Ludic,1
586,2019-05-29,1,Popo,game,Social,5
587,2019-05-29,1,Storma,game,Individual,2
588,2019-05-29,1,Storma,game,Social,10
589,2019-05-29,2,Hadia,game,Individual,7
590,2019-05-29,2,Hadia,game,Ludic,2
591,2019-05-29,2,Hadia,game,Social,2
592,2019-05-29,2,Jawie,game,Individual,7
593,2019-05-29,2,Jawie,game,Social,9
594,2019-05-29,2,Karl,game,Individual,6
595,2019-05-29,2,Locky,game,Individual,9
596,2019-05-29,2,Locky,game,Ludic,1
597,2019-05-29,2,Locky,game,Social,8
598,2019-05-29,2,Popo,game,Individual,8
599,2019-05-29,2,Popo,game,Ludic,2
600,2019-05-29,2,Popo,game,Social,2
601,2019-05-29,2,Storma,game,Individual,2
602,2019-05-30,1,Hadia,game,Social,2
603,2019-05-30,1,Jawie,game,Individual,4
604,2019-05-30,1,Jawie,game,Social,9
605,2019-05-30,1,Karl,game,Individual,7
606,2019-05-30,1,Locky,game,Social,9
607,2019-05-30,1,Popo,game,Individual,5
608,2019-05-30,1,Popo,game,Social,5
609,2019-05-30,1,Storma,game,Individual,2
610,2019-05-30,1,Storma,game,Social,1
611,2019-05-30,2,Hadia,game,Individual,9
612,2019-05-30,2,Hadia,game,Ludic,2
613,2019-05-30,2,Hadia,game,Social,10
614,2019-05-30,2,Jawie,game,Individual,6
615,2019-05-30,2,Jawie,game,Social,6
616,2019-05-30,2,Karl,game,Individual,9
617,2019-05-30,2,Locky,game,Agonistic,2
618,2019-05-30,2,Locky,game,Individual,9
619,2019-05-30,2,Locky,game,Social,4
620,2019-05-30,2,Popo,game,Individual,7
621,2019-05-30,2,Popo,game,Ludic,5
622,2019-05-30,2,Popo,game,Social,1
623,2019-05-30,2,Storma,game,Individual,5
624,2019-05-30,2,Storma,game,Ludic,2
625,2019-05-30,2,Storma,game,Social,20
626,2019-05-31,1,Hadia,game,Individual,16
627,2019-05-31,1,Hadia,game,Social,3
628,2019-05-31,1,Jawie,game,Individual,5
629,2019-05-31,1,Jawie,game,Social,3
630,2019-05-31,1,Karl,game,Individual,4
631,2019-05-31,1,Locky,game,Social,6
632,2019-05-31,1,Popo,game,Individual,4
633,2019-05-31,1,Popo,game,Ludic,2
634,2019-05-31,1,Popo,game,Social,14
635,2019-05-31,1,Storma,game,Individual,8
636,2019-05-31,1,Storma,game,Ludic,1
637,2019-05-31,1,Storma,game,Social,19
638,2019-05-31,2,Hadia,game,Social,1
639,2019-05-31,2,Jawie,game,Individual,5
640,2019-05-31,2,Karl,game,Individual,3
641,2019-05-31,2,Locky,game,Individual,7
642,2019-05-31,2,Locky,game,Social,11
643,2019-05-31,2,Popo,game,Agonistic,1
644,2019-05-31,2,Popo,game,Individual,14
645,2019-05-31,2,Popo,game,Ludic,7
646,2019-05-31,2,Popo,game,Social,4
647,2019-05-31,2,Storma,game,Individual,19
648,2019-05-31,2,Storma,game,Ludic,2
649,2019-05-31,2,Storma,game,Public,3
650,2019-06-06,1,Hadia,game,Agonistic,1
651,2019-06-06,1,Hadia,game,Individual,20
652,2019-06-06,1,Hadia,game,Social,8
653,2019-06-06,1,Hadia,game,Social-Ludic,2
654,2019-06-06,1,Jawie,game,Individual,2
655,2019-06-06,1,Jawie,game,Social,2
656,2019-06-06,1,Karl,game,Individual,1
657,2019-06-06,1,Locky,game,Individual,17
658,2019-06-06,1,Locky,game,Public,5
659,2019-06-06,1,Locky,game,Social,2
660,2019-06-06,1,Popo,game,Individual,2
661,2019-06-06,1,Popo,game,Ludic,3
662,2019-06-06,1,Popo,game,Social,2
663,2019-06-06,1,Popo,game,Social-Ludic,4
664,2019-06-06,1,Storma,game,Individual,22
665,2019-06-06,1,Storma,game,Social,6
666,2019-06-06,2,Hadia,game,Social,5
667,2019-06-06,2,Hadia,game,Social-Ludic,3
668,2019-06-06,2,Jawie,game,Individual,12
669,2019-06-06,2,Jawie,game,Public,2
670,2019-06-06,2,Karl,game,Individual,1
671,2019-06-06,2,Locky,game,Individual,8
672,2019-06-06,2,Locky,game,Social,6
673,2019-06-06,2,Popo,game,Individual,4
674,2019-06-06,2,Popo,game,Ludic,3
675,2019-06-06,2,Popo,game,Social,5
676,2019-06-06,2,Popo,game,Social-Ludic,3
677,2019-06-06,2,Storma,game,Individual,10
678,2019-06-06,2,Storma,game,Ludic,2
679,2019-06-06,2,Storma,game,Social,9
680,2019-06-07,1,Hadia,game,Individual,5
681,2019-06-07,1,Hadia,game,Ludic,11
682,2019-06-07,1,Hadia,game,Social,6
683,2019-06-07,1,Hadia,game,Social-Ludic,3
684,2019-06-07,1,Jawie,game,Individual,8
685,2019-06-07,1,Jawie,game,Social,8
686,2019-06-07,1,Jawie,game,Social-Ludic,1
687,2019-06-07,1,Karl,game,Individual,4
688,2019-06-07,1,Locky,game,Individual,17
689,2019-06-07,1,Locky,game,Ludic,2
690,2019-06-07,1,Locky,game,Public,6
691,2019-06-07,1,Popo,game,Agonistic,2
692,2019-06-07,1,Popo,game,Individual,11
693,2019-06-07,1,Popo,game,Ludic,5
694,2019-06-07,1,Popo,game,Social,5
695,2019-06-07,1,Popo,game,Social-Ludic,5
696,2019-06-07,1,Storma,game,Individual,7
697,2019-06-07,1,Storma,game,Ludic,1
698,2019-06-07,2,Hadia,game,Agonistic,1
699,2019-06-07,2,Hadia,game,Individual,11
700,2019-06-07,2,Hadia,game,Ludic,8
701,2019-06-07,2,Hadia,game,Social,2
702,2019-06-07,2,Jawie,game,Individual,7
703,2019-06-07,2,Jawie,game,Social,9
704,2019-06-07,2,Karl,game,Individual,6
705,2019-06-07,2,Karl,game,Social,2
706,2019-06-07,2,Locky,game,Individual,8
707,2019-06-07,2,Locky,game,Public,3
708,2019-06-07,2,Locky,game,Social,1
709,2019-06-07,2,Popo,game,Ludic,10
710,2019-06-07,2,Popo,game,Social,1
711,2019-06-07,2,Storma,game,Individual,9
712,2019-06-07,2,Storma,game,Social,7
713,2019-06-10,1,Hadia,game,Agonistic,1
714,2019-06-10,1,Hadia,game,Individual,19
715,2019-06-10,1,Hadia,game,Ludic,1
716,2019-06-10,1,Hadia,game,Social,2
717,2019-06-10,1,Jawie,game,Individual,4
718,2019-06-10,1,Jawie,game,Social,6
719,2019-06-10,1,Karl,game,Individual,5
720,2019-06-10,1,Locky,game,Individual,11
721,2019-06-10,1,Locky,game,Social,7
722,2019-06-10,1,Popo,game,Individual,10
723,2019-06-10,1,Popo,game,Ludic,8
724,2019-06-10,1,Popo,game,Social,6
725,2019-06-10,1,Storma,game,Individual,29
726,2019-06-10,1,Storma,game,Social,6
727,2019-06-10,1,Storma,game,Social-Ludic,1
728,2019-06-10,2,Hadia,game,Individual,14
729,2019-06-10,2,Hadia,game,Ludic,6
730,2019-06-10,2,Hadia,game,Social,2
731,2019-06-10,2,Hadia,game,Social-Ludic,2
732,2019-06-10,2,Jawie,game,Individual,5
733,2019-06-10,2,Jawie,game,Social,2
734,2019-06-10,2,Karl,game,Individual,2
735,2019-06-10,2,Locky,game,Individual,17
736,2019-06-10,2,Locky,game,Public,3
737,2019-06-10,2,Locky,game,Social,4
738,2019-06-10,2,Popo,game,Individual,3
739,2019-06-10,2,Popo,game,Ludic,4
740,2019-06-10,2,Storma,game,Individual,1
741,2019-06-11,1,Hadia,game,Individual,12
742,2019-06-11,1,Hadia,game,Ludic,7
743,2019-06-11,1,Hadia,game,Social,5
744,2019-06-11,1,Hadia,game,Social-Ludic,1
745,2019-06-11,1,Jawie,game,Individual,3
746,2019-06-11,1,Jawie,game,Ludic,1
747,2019-06-11,1,Jawie,game,Social,9
748,2019-06-11,1,Locky,game,Individual,9
749,2019-06-11,1,Locky,game,Public,6
750,2019-06-11,1,Popo,game,Individual,2
751,2019-06-11,1,Popo,game,Ludic,3
752,2019-06-11,1,Popo,game,Social,1
753,2019-06-11,1,Popo,game,Social-Ludic,2
754,2019-06-11,1,Storma,game,Agonistic,1
755,2019-06-11,1,Storma,game,Individual,22
756,2019-06-11,1,Storma,game,Social,3
757,2019-06-11,2,Hadia,game,Individual,6
758,2019-06-11,2,Hadia,game,Ludic,5
759,2019-06-11,2,Hadia,game,Social,1
760,2019-06-11,2,Jawie,game,Individual,9
761,2019-06-11,2,Jawie,game,Social,2
762,2019-06-11,2,Locky,game,Individual,4
763,2019-06-11,2,Locky,game,Social,4
764,2019-06-11,2,Popo,game,Ludic,1
765,2019-06-11,2,Popo,game,Social,4
766,2019-06-11,2,Storma,game,Individual,5
767,2019-06-13,1,Hadia,game,Individual,12
768,2019-06-13,1,Jawie,game,Individual,1
769,2019-06-13,1,Jawie,game,Social,8
770,2019-06-13,1,Karl,game,Individual,14
771,2019-06-13,1,Locky,game,Individual,10
772,2019-06-13,1,Locky,game,Social,8
773,2019-06-13,1,Popo,game,Individual,9
774,2019-06-13,1,Popo,game,Social,2
775,2019-06-13,1,Storma,game,Social,1
776,2019-06-13,2,Hadia,game,Individual,21
777,2019-06-13,2,Hadia,game,Social,11
778,2019-06-13,2,Hadia,game,Social-Ludic,2
779,2019-06-13,2,Jawie,game,Individual,11
780,2019-06-13,2,Jawie,game,Social,12
781,2019-06-13,2,Karl,game,Individual,1
782,2019-06-13,2,Locky,game,Individual,15
783,2019-06-13,2,Popo,game,Individual,5
784,2019-06-13,2,Popo,game,Ludic,4
785,2019-06-13,2,Popo,game,Social,5
786,2019-06-13,2,Popo,game,Social-Ludic,2
787,2019-06-13,2,Storma,game,Individual,1
788,2019-06-13,2,Storma,game,Social,2
789,2019-06-14,1,Hadia,game,Agonistic,1
790,2019-06-14,1,Hadia,game,Individual,17
791,2019-06-14,1,Hadia,game,Social,4
792,2019-06-14,1,Jawie,game,Individual,6
793,2019-06-14,1,Jawie,game,Social,4
794,2019-06-14,1,Karl,game,Individual,5
795,2019-06-14,1,Locky,game,Individual,12
796,2019-06-14,1,Locky,game,Public,4
797,2019-06-14,1,Locky,game,Social,6
798,2019-06-14,1,Popo,game,Social,1
799,2019-06-14,1,Storma,game,Individual,6
800,2019-06-14,1,Storma,game,Social,7
801,2019-06-14,2,Hadia,game,Individual,6
802,2019-06-14,2,Hadia,game,Ludic,7
803,2019-06-14,2,Hadia,game,Social,6
804,2019-06-14,2,Hadia,game,Social-Ludic,2
805,2019-06-14,2,Jawie,game,Individual,7
806,2019-06-14,2,Jawie,game,Social,7
807,2019-06-14,2,Karl,game,Individual,1
808,2019-06-14,2,Locky,game,Individual,11
809,2019-06-14,2,Locky,game,Social,2
810,2019-06-14,2,Popo,game,Individual,11
811,2019-06-14,2,Popo,game,Ludic,3
812,2019-06-14,2,Popo,game,Social,10
813,2019-06-14,2,Storma,game,Individual,10
814,2019-06-14,2,Storma,game,Social,2
815,2019-06-17,1,Hadia,game,Social,1
816,2019-06-17,1,Jawie,game,Social,3
817,2019-06-17,1,Karl,game,Individual,6
818,2019-06-17,1,Locky,game,Individual,5
819,2019-06-17,1,Locky,game,Social,21
820,2019-06-17,1,Popo,game,Individual,8
821,2019-06-17,1,Popo,game,Ludic,2
822,2019-06-17,1,Popo,game,Social,6
823,2019-06-17,1,Storma,game,Agonistic,1
824,2019-06-17,1,Storma,game,Individual,12
825,2019-06-17,1,Storma,game,Ludic,1
826,2019-06-17,1,Storma,game,Social,10
827,2019-06-17,2,Karl,game,Individual,8
828,2019-06-25,1,Hadia,postgame,Individual,5
829,2019-06-25,1,Hadia,postgame,Ludic,10
830,2019-06-25,1,Jawie,postgame,Social,9
831,2019-06-25,1,Locky,postgame,Individual,12
832,2019-06-25,1,Popo,postgame,Individual,6
833,2019-06-25,1,Popo,postgame,Ludic,10
834,2019-06-25,1,Popo,postgame,Social,9
835,2019-06-25,1,Popo,postgame,Social-Ludic,1
836,2019-06-25,1,Storma,postgame,Individual,19
837,2019-06-25,1,Storma,postgame,Social,12
838,2019-06-25,1,Storma,postgame,Social-Ludic,1
839,2019-06-25,2,Hadia,postgame,Individual,6
840,2019-06-25,2,Hadia,postgame,Ludic,5
841,2019-06-25,2,Hadia,postgame,Social,6
842,2019-06-25,2,Jawie,postgame,Individual,1
843,2019-06-25,2,Locky,postgame,Individual,3
844,2019-06-25,2,Locky,postgame,Social,3
845,2019-06-25,2,Popo,postgame,Social,1
846,2019-06-25,2,Storma,postgame,Individual,4
847,2019-06-25,2,Storma,postgame,Social,5
848,2019-06-26,1,Hadia,postgame,Individual,9
849,2019-06-26,1,Hadia,postgame,Ludic,7
850,2019-06-26,1,Hadia,postgame,Social,7
851,2019-06-26,1,Hadia,postgame,Social-Ludic,1
852,2019-06-26,1,Jawie,postgame,Social,8
853,2019-06-26,1,Karl,postgame,Individual,5
854,2019-06-26,1,Locky,postgame,Social,1
855,2019-06-26,1,Popo,postgame,Individual,5
856,2019-06-26,1,Popo,postgame,Ludic,3
857,2019-06-26,1,Popo,postgame,Social,3
858,2019-06-26,1,Storma,postgame,Individual,1
859,2019-06-26,2,Hadia,postgame,Individual,9
860,2019-06-26,2,Hadia,postgame,Ludic,4
861,2019-06-26,2,Hadia,postgame,Social,6
862,2019-06-26,2,Hadia,postgame,Social-Ludic,3
863,2019-06-26,2,Jawie,postgame,Individual,7
864,2019-06-26,2,Jawie,postgame,Social,5
865,2019-06-26,2,Karl,postgame,Individual,2
866,2019-06-26,2,Karl,postgame,Social,1
867,2019-06-26,2,Locky,postgame,Individual,1
868,2019-06-26,2,Popo,postgame,Individual,11
869,2019-06-26,2,Popo,postgame,Ludic,9
870,2019-06-26,2,Popo,postgame,Social,7
871,2019-06-26,2,Popo,postgame,Social-Ludic,4
872,2019-06-26,2,Storma,postgame,Individual,5
873,2019-06-27,1,Hadia,postgame,Individual,8
874,2019-06-27,1,Hadia,postgame,Ludic,2
875,2019-06-27,1,Hadia,postgame,Social,5
876,2019-06-27,1,Hadia,postgame,Social-Ludic,3
877,2019-06-27,1,Jawie,postgame,Individual,14
878,2019-06-27,1,Jawie,postgame,Social,10
879,2019-06-27,1,Karl,postgame,Individual,8
880,2019-06-27,1,Locky,postgame,Individual,12
881,2019-06-27,1,Locky,postgame,Social,17
882,2019-06-27,1,Popo,postgame,Public,1
883,2019-06-27,1,Popo,postgame,Social,2
884,2019-06-27,1,Storma,postgame,Individual,16
885,2019-06-27,1,Storma,postgame,Social,14
886,2019-06-27,2,Hadia,postgame,Individual,3
887,2019-06-27,2,Hadia,postgame,Ludic,2
888,2019-06-27,2,Hadia,postgame,Social,7
889,2019-06-27,2,Hadia,postgame,Social-Ludic,5
890,2019-06-27,2,Jawie,postgame,Individual,9
891,2019-06-27,2,Jawie,postgame,Social,9
892,2019-06-27,2,Jawie,postgame,Social-Ludic,1
893,2019-06-27,2,Karl,postgame,Individual,2
894,2019-06-27,2,Locky,postgame,Individual,1
895,2019-06-27,2,Locky,postgame,Social,4
896,2019-06-27,2,Locky,postgame,Social-Ludic,1
897,2019-06-27,2,Popo,postgame,Individual,9
898,2019-06-27,2,Popo,postgame,Ludic,2
899,2019-06-27,2,Popo,postgame,Social,5
900,2019-06-27,2,Popo,postgame,Social-Ludic,4
901,2019-06-27,2,Storma,postgame,Individual,14
902,2019-06-27,2,Storma,postgame,Social,9
903,2019-06-27,2,Storma,postgame,Social-Ludic,3
904,2019-06-28,1,Hadia,postgame,Social,8
905,2019-06-28,1,Jawie,postgame,Individual,1
906,2019-06-28,1,Karl,postgame,Individual,3
907,2019-06-28,1,Locky,postgame,Individual,8
908,2019-06-28,1,Locky,postgame,Ludic,2
909,2019-06-28,1,Popo,postgame,Individual,5
910,2019-06-28,1,Popo,postgame,Ludic,1
911,2019-06-28,1,Popo,postgame,Social,3
912,2019-06-28,1,Popo,postgame,Social-Ludic,1
913,2019-06-28,1,Storma,postgame,Individual,5
914,2019-06-28,2,Hadia,postgame,Individual,12
915,2019-06-28,2,Hadia,postgame,Ludic,5
916,2019-06-28,2,Hadia,postgame,Public,1
917,2019-06-28,2,Hadia,postgame,Social,3
918,2019-06-28,2,Hadia,postgame,Social-Ludic,1
919,2019-06-28,2,Jawie,postgame,Individual,8
920,2019-06-28,2,Jawie,postgame,Social,6
921,2019-06-28,2,Karl,postgame,Individual,15
922,2019-06-28,2,Locky,postgame,Individual,2
923,2019-06-28,2,Locky,postgame,Social,9
924,2019-06-28,2,Popo,postgame,Individual,4
925,2019-06-28,2,Popo,postgame,Social,5
926,2019-06-28,2,Popo,postgame,Social-Ludic,2
927,2019-06-28,2,Storma,postgame,Individual,21
928,2019-06-28,2,Storma,postgame,Ludic,1
929,2019-06-28,2,Storma,postgame,Social,10
930,2019-06-28,2,Storma,postgame,Social-Ludic,3
931,2019-07-01,1,Hadia,postgame,Individual,19
932,2019-07-01,1,Hadia,postgame,Ludic,1
933,2019-07-01,1,Hadia,postgame,Social,12
934,2019-07-01,1,Hadia,postgame,Social-Ludic,1
935,2019-07-01,1,Jawie,postgame,Agonistic,2
936,2019-07-01,1,Jawie,postgame,Ludic,1
937,2019-07-01,1,Jawie,postgame,Social,8
938,2019-07-01,1,Karl,postgame,Individual,12
939,2019-07-01,1,Locky,postgame,Ludic,1
940,2019-07-01,1,Locky,postgame,Social,4
941,2019-07-01,1,Popo,postgame,Individual,6
942,2019-07-01,1,Popo,postgame,Ludic,1
943,2019-07-01,1,Popo,postgame,Social,5
944,2019-07-01,1,Popo,postgame,Social-Ludic,1
945,2019-07-01,1,Storma,postgame,Individual,6
946,2019-07-01,1,Storma,postgame,Ludic,1
947,2019-07-01,1,Storma,postgame,Social,4
948,2019-07-01,1,Storma,postgame,Social-Ludic,3
949,2019-07-01,2,Hadia,postgame,Individual,16
950,2019-07-01,2,Hadia,postgame,Ludic,2
951,2019-07-01,2,Hadia,postgame,Social,3
952,2019-07-01,2,Jawie,postgame,Individual,13
953,2019-07-01,2,Jawie,postgame,Social,13
954,2019-07-01,2,Karl,postgame,Agonistic,1
955,2019-07-01,2,Karl,postgame,Individual,12
956,2019-07-01,2,Locky,postgame,Individual,4
957,2019-07-01,2,Popo,postgame,Individual,10
958,2019-07-01,2,Popo,postgame,Social,2
959,2019-07-01,2,Storma,postgame,Individual,7
960,2019-07-02,1,Hadia,postgame,Individual,3
961,2019-07-02,1,Hadia,postgame,Social,14
962,2019-07-02,1,Jawie,postgame,Individual,6
963,2019-07-02,1,Jawie,postgame,Social,5
964,2019-07-02,1,Karl,postgame,Individual,2
965,2019-07-02,1,Karl,postgame,Social,3
966,2019-07-02,1,Locky,postgame,Individual,9
967,2019-07-02,1,Locky,postgame,Social,4
968,2019-07-02,1,Popo,postgame,Social,1
969,2019-07-02,1,Storma,postgame,Individual,13
970,2019-07-02,1,Storma,postgame,Social,3
971,2019-07-02,1,Storma,postgame,Social-Ludic,2
972,2019-07-02,2,Hadia,postgame,Individual,7
973,2019-07-02,2,Hadia,postgame,Ludic,1
974,2019-07-02,2,Hadia,postgame,Social,5
975,2019-07-02,2,Hadia,postgame,Social-Ludic,2
976,2019-07-02,2,Jawie,postgame,Agonistic,1
977,2019-07-02,2,Jawie,postgame,Individual,18
978,2019-07-02,2,Jawie,postgame,Social,12
979,2019-07-02,2,Karl,postgame,Individual,13
980,2019-07-02,2,Locky,postgame,Agonistic,6
981,2019-07-02,2,Locky,postgame,Individual,14
982,2019-07-02,2,Locky,postgame,Social,2
983,2019-07-02,2,Popo,postgame,Individual,9
984,2019-07-02,2,Popo,postgame,Ludic,3
985,2019-07-02,2,Popo,postgame,Social,4
986,2019-07-02,2,Popo,postgame,Social-Ludic,1
987,2019-07-02,2,Storma,postgame,Individual,9
988,2019-07-02,2,Storma,postgame,Social,9
989,2019-07-05,1,Hadia,postgame,Individual,5
990,2019-07-05,1,Hadia,postgame,Ludic,2
991,2019-07-05,1,Hadia,postgame,Social,2
992,2019-07-05,1,Hadia,postgame,Social-Ludic,1
993,2019-07-05,1,Jawie,postgame,Individual,1
994,2019-07-05,1,Karl,postgame,Individual,14
995,2019-07-05,1,Popo,postgame,Individual,2
996,2019-07-05,1,Popo,postgame,Ludic,2
997,2019-07-05,1,Popo,postgame,Social,6
998,2019-07-05,1,Popo,postgame,Social-Ludic,1
999,2019-07-05,1,Storma,postgame,Individual,3
1000,2019-07-05,1,Storma,postgame,Social,13
1001,2019-07-05,2,Hadia,postgame,Individual,18
1002,2019-07-05,2,Hadia,postgame,Ludic,3
1003,2019-07-05,2,Hadia,postgame,Social-Ludic,1
1004,2019-07-05,2,Jawie,postgame,Individual,12
1005,2019-07-05,2,Jawie,postgame,Social,11
1006,2019-07-05,2,Karl,postgame,Individual,15
1007,2019-07-05,2,Karl,postgame,Social,1
1008,2019-07-05,2,Popo,postgame,Social-Ludic,1
1009,2019-07-05,2,Storma,postgame,Individual,18
1010,2019-07-05,2,Storma,postgame,Social,6
1011,2019-07-05,2,Storma,postgame,Social-Ludic,1
1012,2019-07-06,1,Locky,postgame,Individual,6
1013,2019-07-06,1,Locky,postgame,Social,3
1014,2019-07-06,2,Locky,postgame,Individual,9
1015,2019-07-06,2,Locky,postgame,Ludic,2
1016,2019-07-06,2,Locky,postgame,Social,3
1017,2019-07-08,1,Hadia,postgame,Individual,7
1018,2019-07-08,1,Hadia,postgame,Social,1
1019,2019-07-08,1,Jawie,postgame,Individual,6
1020,2019-07-08,1,Jawie,postgame,Social,13
1021,2019-07-08,1,Karl,postgame,Individual,2
1022,2019-07-08,1,Locky,postgame,Agonistic,1
1023,2019-07-08,1,Locky,postgame,Individual,12
1024,2019-07-08,1,Locky,postgame,Social,2
1025,2019-07-08,1,Popo,postgame,Individual,13
1026,2019-07-08,1,Popo,postgame,Ludic,1
1027,2019-07-08,1,Popo,postgame,Social,10
1028,2019-07-08,1,Storma,postgame,Individual,26
1029,2019-07-08,1,Storma,postgame,Social,6
1030,2019-07-08,2,Hadia,postgame,Agonistic,1
1031,2019-07-08,2,Hadia,postgame,Individual,7
1032,2019-07-08,2,Hadia,postgame,Ludic,2
1033,2019-07-08,2,Hadia,postgame,Social,14
1034,2019-07-08,2,Jawie,postgame,Agonistic,2
1035,2019-07-08,2,Jawie,postgame,Individual,13
1036,2019-07-08,2,Jawie,postgame,Ludic,1
1037,2019-07-08,2,Jawie,postgame,Social,2
1038,2019-07-08,2,Karl,postgame,Individual,10
1039,2019-07-08,2,Locky,postgame,Individual,7
1040,2019-07-08,2,Locky,postgame,Ludic,1
1041,2019-07-08,2,Locky,postgame,Social,9
1042,2019-07-08,2,Popo,postgame,Individual,25
1043,2019-07-08,2,Popo,postgame,Ludic,7
1044,2019-07-08,2,Popo,postgame,Social,6
1045,2019-07-08,2,Popo,postgame,Social-Ludic,1
1046,2019-07-08,2,Storma,postgame,Individual,8
1047,2019-07-08,2,Storma,postgame,Ludic,6
1048,2019-07-08,2,Storma,postgame,Social,12
1049,2019-07-08,2,Storma,postgame,Social-Ludic,1
1050,2019-07-09,1,Hadia,postgame,Individual,5
1051,2019-07-09,1,Hadia,postgame,Ludic,8
1052,2019-07-09,1,Hadia,postgame,Social,1
1053,2019-07-09,1,Hadia,postgame,Social-Ludic,1
1054,2019-07-09,1,Jawie,postgame,Agonistic,1
1055,2019-07-09,1,Jawie,postgame,Individual,23
1056,2019-07-09,1,Jawie,postgame,Social,2
1057,2019-07-09,1,Karl,postgame,Individual,5
1058,2019-07-09,1,Locky,postgame,Individual,18
1059,2019-07-09,1,Locky,postgame,Social,1
1060,2019-07-09,1,Popo,postgame,Individual,10
1061,2019-07-09,1,Popo,postgame,Ludic,5
1062,2019-07-09,1,Popo,postgame,Public,1
1063,2019-07-09,1,Popo,postgame,Social,3
1064,2019-07-09,1,Storma,postgame,Individual,17
1065,2019-07-09,1,Storma,postgame,Social,8
1066,2019-07-09,1,Storma,postgame,Social-Ludic,7
1067,2019-07-09,2,Hadia,postgame,Individual,13
1068,2019-07-09,2,Hadia,postgame,Ludic,6
1069,2019-07-09,2,Hadia,postgame,Social,11
1070,2019-07-09,2,Jawie,postgame,Individual,3
1071,2019-07-09,2,Karl,postgame,Individual,1
1072,2019-07-09,2,Locky,postgame,Individual,5
1073,2019-07-09,2,Locky,postgame,Social,3
1074,2019-07-09,2,Popo,postgame,Individual,15
1075,2019-07-09,2,Popo,postgame,Ludic,5
1076,2019-07-09,2,Popo,postgame,Social,3
1077,2019-07-09,2,Popo,postgame,Social-Ludic,1
1078,2019-07-09,2,Storma,postgame,Individual,17
1079,2019-07-09,2,Storma,postgame,Social,8
1080,2019-07-09,2,Storma,postgame,Social-Ludic,2
1081,2019-07-11,1,Hadia,postgame,Individual,16
1082,2019-07-11,1,Hadia,postgame,Ludic,4
1083,2019-07-11,1,Hadia,postgame,Social,5
1084,2019-07-11,1,Hadia,postgame,Social-Ludic,1
1085,2019-07-11,1,Jawie,postgame,Individual,20
1086,2019-07-11,1,Jawie,postgame,Social,5
1087,2019-07-11,1,Karl,postgame,Individual,5
1088,2019-07-11,1,Locky,postgame,Individual,17
1089,2019-07-11,1,Locky,postgame,Social,9
1090,2019-07-11,1,Popo,postgame,Individual,10
1091,2019-07-11,1,Popo,postgame,Ludic,4
1092,2019-07-11,1,Popo,postgame,Social,6
1093,2019-07-11,1,Popo,postgame,Social-Ludic,2
1094,2019-07-11,1,Storma,postgame,Individual,17
1095,2019-07-11,1,Storma,postgame,Ludic,2
1096,2019-07-11,1,Storma,postgame,Social,6
1097,2019-07-11,1,Storma,postgame,Social-Ludic,1
1098,2019-07-11,2,Hadia,postgame,Individual,19
1099,2019-07-11,2,Hadia,postgame,Ludic,4
1100,2019-07-11,2,Hadia,postgame,Social,5
1101,2019-07-11,2,Jawie,postgame,Individual,20
1102,2019-07-11,2,Jawie,postgame,Social,8
1103,2019-07-11,2,Karl,postgame,Agonistic,1
1104,2019-07-11,2,Karl,postgame,Individual,7
1105,2019-07-11,2,Locky,postgame,Individual,13
1106,2019-07-11,2,Locky,postgame,Social,6
1107,2019-07-11,2,Popo,postgame,Individual,13
1108,2019-07-11,2,Popo,postgame,Ludic,1
1109,2019-07-11,2,Popo,postgame,Social-Ludic,1
1110,2019-07-11,2,Storma,postgame,Individual,18
1111,2019-07-11,2,Storma,postgame,Ludic,1
1112,2019-07-11,2,Storma,postgame,Social,11
1113,2019-07-12,1,Hadia,postgame,Individual,7
1114,2019-07-12,1,Hadia,postgame,Ludic,6
1115,2019-07-12,1,Hadia,postgame,Social,8
1116,2019-07-12,1,Hadia,postgame,Social-Ludic,2
1117,2019-07-12,1,Jawie,postgame,Individual,5
1118,2019-07-12,1,Karl,postgame,Individual,11
1119,2019-07-12,1,Locky,postgame,Individual,10
1120,2019-07-12,1,Locky,postgame,Public,4
1121,2019-07-12,1,Locky,postgame,Social,2
1122,2019-07-12,1,Popo,postgame,Individual,7
1123,2019-07-12,1,Popo,postgame,Ludic,1
1124,2019-07-12,1,Popo,postgame,Public,1
1125,2019-07-12,1,Popo,postgame,Social,7
1126,2019-07-12,1,Popo,postgame,Social-Ludic,1
1127,2019-07-12,1,Storma,postgame,Individual,22
1128,2019-07-12,1,Storma,postgame,Social,4
1129,2019-07-12,2,Hadia,postgame,Individual,8
1130,2019-07-12,2,Hadia,postgame,Ludic,1
1131,2019-07-12,2,Jawie,postgame,Individual,2
1132,2019-07-12,2,Jawie,postgame,Social,2
1133,2019-07-12,2,Karl,postgame,Individual,10
1134,2019-07-12,2,Locky,postgame,Individual,5
1135,2019-07-12,2,Locky,postgame,Ludic,2
1136,2019-07-12,2,Locky,postgame,Social,2
1137,2019-07-12,2,Popo,postgame,Individual,4
1138,2019-07-12,2,Popo,postgame,Ludic,5
1139,2019-07-12,2,Popo,postgame,Social,4
1140,2019-07-12,2,Storma,postgame,Individual,22
1141,2019-07-12,2,Storma,postgame,Social,7
1142,2019-07-12,2,Storma,postgame,Social-Ludic,1
1143,2019-07-16,1,Hadia,postgame,Individual,8
1144,2019-07-16,1,Hadia,postgame,Ludic,5
1145,2019-07-16,1,Hadia,postgame,Social,4
1146,2019-07-16,1,Jawie,postgame,Individual,11
1147,2019-07-16,1,Jawie,postgame,Social,2
1148,2019-07-16,1,Karl,postgame,Individual,1
1149,2019-07-16,1,Locky,postgame,Individual,12
1150,2019-07-16,1,Locky,postgame,Social,8
1151,2019-07-16,1,Popo,postgame,Individual,5
1152,2019-07-16,1,Popo,postgame,Ludic,2
1153,2019-07-16,1,Popo,postgame,Social,4
1154,2019-07-16,1,Popo,postgame,Social-Ludic,4
1155,2019-07-16,1,Storma,postgame,Agonistic,1
1156,2019-07-16,1,Storma,postgame,Individual,7
1157,2019-07-16,1,Storma,postgame,Social,13
1158,2019-07-16,2,Hadia,postgame,Individual,12
1159,2019-07-16,2,Hadia,postgame,Ludic,3
1160,2019-07-16,2,Hadia,postgame,Social,7
1161,2019-07-16,2,Hadia,postgame,Social-Ludic,1
1162,2019-07-16,2,Jawie,postgame,Individual,13
1163,2019-07-16,2,Jawie,postgame,Social,13
1164,2019-07-16,2,Karl,postgame,Individual,7
1165,2019-07-16,2,Locky,postgame,Individual,5
1166,2019-07-16,2,Locky,postgame,Social,5
1167,2019-07-16,2,Popo,postgame,Ludic,1
1168,2019-07-16,2,Popo,postgame,Social-Ludic,2
1169,2019-07-16,2,Storma,postgame,Individual,4
1170,2019-07-16,2,Storma,postgame,Ludic,1
1171,2019-07-16,2,Storma,postgame,Social,8
1172,2019-07-16,2,Storma,postgame,Social-Ludic,2
1173,2019-07-17,1,Hadia,postgame,Individual,8
1174,2019-07-17,1,Hadia,postgame,Ludic,3
1175,2019-07-17,1,Hadia,postgame,Social,5
1176,2019-07-17,1,Jawie,postgame,Individual,7
1177,2019-07-17,1,Jawie,postgame,Social,6
1178,2019-07-17,1,Karl,postgame,Individual,3
1179,2019-07-17,1,Locky,postgame,Individual,9
1180,2019-07-17,1,Locky,postgame,Social,11
1181,2019-07-17,1,Popo,postgame,Individual,16
1182,2019-07-17,1,Popo,postgame,Ludic,3
1183,2019-07-17,1,Popo,postgame,Social,6
1184,2019-07-17,1,Popo,postgame,Social-Ludic,2
1185,2019-07-17,1,Storma,postgame,Individual,9
1186,2019-07-17,1,Storma,postgame,Ludic,1
1187,2019-07-17,1,Storma,postgame,Social,2
1188,2019-07-17,2,Hadia,postgame,Individual,15
1189,2019-07-17,2,Hadia,postgame,Ludic,1
1190,2019-07-17,2,Hadia,postgame,Social,10
1191,2019-07-17,2,Jawie,postgame,Individual,27
1192,2019-07-17,2,Jawie,postgame,Social,10
1193,2019-07-17,2,Karl,postgame,Individual,2
1194,2019-07-17,2,Locky,postgame,Individual,8
1195,2019-07-17,2,Locky,postgame,Social,4
1196,2019-07-17,2,Popo,postgame,Individual,2
1197,2019-07-17,2,Popo,postgame,Social,6
1198,2019-07-17,2,Storma,postgame,Individual,21
1199,2019-07-17,2,Storma,postgame,Ludic,1
1200,2019-07-17,2,Storma,postgame,Social,7
1201,2019-07-18,1,Hadia,postgame,Individual,3
1202,2019-07-18,1,Hadia,postgame,Ludic,5
1203,2019-07-18,1,Hadia,postgame,Social,2
1204,2019-07-18,1,Hadia,postgame,Social-Ludic,4
1205,2019-07-18,1,Jawie,postgame,Individual,1
1206,2019-07-18,1,Karl,postgame,Individual,1
1207,2019-07-18,1,Locky,postgame,Individual,1
1208,2019-07-18,1,Locky,postgame,Social,1
1209,2019-07-18,1,Popo,postgame,Individual,12
1210,2019-07-18,1,Popo,postgame,Ludic,4
1211,2019-07-18,1,Popo,postgame,Social,5
1212,2019-07-18,1,Popo,postgame,Social-Ludic,1
1213,2019-07-18,1,Storma,postgame,Individual,2
1214,2019-07-18,2,Hadia,postgame,Individual,18
1215,2019-07-18,2,Hadia,postgame,Ludic,11
1216,2019-07-18,2,Jawie,postgame,Individual,21
1217,2019-07-18,2,Jawie,postgame,Social,2
1218,2019-07-18,2,Karl,postgame,Individual,9
1219,2019-07-18,2,Locky,postgame,Individual,8
1220,2019-07-18,2,Locky,postgame,Social,16
1221,2019-07-18,2,Popo,postgame,Individual,11
1222,2019-07-18,2,Popo,postgame,Ludic,3
1223,2019-07-18,2,Popo,postgame,Social,4
1224,2019-07-18,2,Popo,postgame,Social-Ludic,4
1225,2019-07-18,2,Storma,postgame,Individual,17
1226,2019-07-18,2,Storma,postgame,Ludic,6
1227,2019-07-18,2,Storma,postgame,Social,1
1228,2019-07-18,2,Storma,postgame,Social-Ludic,1
1229,2019-07-19,1,Hadia,postgame,Individual,11
1230,2019-07-19,1,Jawie,postgame,Individual,3
1231,2019-07-19,1,Karl,postgame,Individual,4
1232,2019-07-19,1,Locky,postgame,Social,1
1233,2019-07-19,1,Popo,postgame,Individual,10
1234,2019-07-19,1,Popo,postgame,Ludic,1
1235,2019-07-19,1,Popo,postgame,Social,6
1236,2019-07-19,1,Storma,postgame,Individual,19
1237,2019-07-19,2,Hadia,postgame,Individual,10
1238,2019-07-19,2,Hadia,postgame,Ludic,5
1239,2019-07-19,2,Hadia,postgame,Social,2
1240,2019-07-19,2,Jawie,postgame,Agonistic,1
1241,2019-07-19,2,Jawie,postgame,Individual,8
1242,2019-07-19,2,Jawie,postgame,Social,7
1243,2019-07-19,2,Karl,postgame,Individual,13
1244,2019-07-19,2,Locky,postgame,Individual,7
1245,2019-07-19,2,Locky,postgame,Ludic,1
1246,2019-07-19,2,Locky,postgame,Public,1
1247,2019-07-19,2,Locky,postgame,Social,2
1248,2019-07-19,2,Popo,postgame,Individual,5
1249,2019-07-19,2,Popo,postgame,Social,4
1250,2019-07-19,2,Storma,postgame,Individual,31
1251,2019-07-19,2,Storma,postgame,Ludic,1
1252,2019-07-19,2,Storma,postgame,Social,9
1253,2019-07-19,2,Storma,postgame,Social-Ludic,1
